t,A,V,P,M,U,health,state,score,audio_score,raw_distance,distance,motion_fraction,naive_fraction,fallback,server,physical_p,physical_m,physical_u
0.0,0,0,0,0,0,0,0,0,0.3594170115043085,3.0030024997660107,3.0030024997660107,0.0,0.0,0,1,0,0,0
0.1,0,0,0,0,0,0,0,0,0.3594170115043085,3.0160036471985388,3.0160036471985388,0.0,0.0,0,1,0,0,0
0.2,0,0,0,0,0,0,0,0,0.2969330571743737,2.9851573105127507,3.0030024997660107,0.0,0.0,0,1,0,0,0
0.3,0,0,0,0,0,0,0,0,0.8247447295527954,2.995168925070428,3.0030024997660107,0.0,0.0,0,1,0,0,0
0.4,0,0,0,0,0,0,0,0,0.29568875648612286,2.9953873423440847,2.9953873423440847,0.0,0.0,0,1,0,0,0
0.5,0,0,0,0,0,0,0,0,0.6744174299768717,2.996762400310845,2.9953873423440847,0.0,0.0,0,1,0,0,0
0.6,0,0,0,0,0,0,0,0,0.6597655617818182,3.0216005320344035,2.9953873423440847,0.0,0.0,0,1,0,0,0
0.7,0,0,0,0,0,0,0,0,0.19707712220796292,2.9844629515498187,2.9953873423440847,0.0,0.0,0,1,0,0,0
0.8,0,0,0,0,0,0,0,0,0.3410543163351096,2.9994105234005803,2.996762400310845,0.0,0.0,0,1,0,0,0
0.9,0,0,0,0,0,0,0,0,0.8995590647994024,3.0035716778412467,2.9994105234005803,0.0,0.0,0,1,0,0,0
1.0,0,0,0,0,0,0,0,0,0.4901588725002769,2.993549920237225,2.9994105234005803,0.0,0.0,0,1,0,0,0
1.1,0,0,0,0,0,0,0,0,0.9029963384020302,3.03499767743035,2.9994105234005803,0.0,0.0,0,1,0,0,0
1.2,0,0,0,0,0,0,0,0,0.4186821935477272,3.006090861525497,3.0035716778412467,0.0,0.0,0,1,0,0,0
1.3,0,0,0,0,0,0,0,0,0.5913261427922543,2.9854011911450065,3.0035716778412467,0.0,0.0,0,1,0,0,0
1.4,0,0,0,0,0,0,0,0,0.3314026637771832,2.979570414666967,2.993549920237225,0.0,0.0,0,1,0,0,0
1.5,0,0,0,0,0,0,0,0,0.4707067978181483,2.9728018544521535,2.9854011911450065,0.0,0.0,0,1,0,0,0
1.6,0,0,0,0,0,0,0,0,0.4755134123335673,2.989034621160964,2.9854011911450065,0.0,0.0,0,1,0,0,0
1.7,0,0,0,0,0,0,0,0,0.6911028171693824,2.9946957538861705,2.9854011911450065,0.0,0.0,0,1,0,0,0
1.8,0,0,0,0,0,0,0,0,0.43820618885784907,3.0136496793634517,2.989034621160964,0.0,0.0,0,1,0,0,0
1.9,0,0,0,0,0,0,0,0,0.5020662234290996,3.0208197065780786,2.9946957538861705,0.0,0.0,0,1,0,0,0
2.0,0,0,0,0,0,0,0,0,0.40251682300378805,2.9885160551108245,2.9946957538861705,0.0,0.0,0,1,0,0,0
2.1,0,0,0,0,0,0,0,0,0.8257429983756369,2.9948766912630416,2.9948766912630416,0.0,0.0,0,1,0,0,0
2.2,0,0,0,0,0,0,0,0,0.42196098267046034,2.982630402165536,2.9948766912630416,0.0,0.0,0,1,0,0,0
2.3,0,0,0,0,0,0,0,0,0.5260999404963168,2.9969904968794294,2.9948766912630416,0.0,0.0,0,1,0,0,0
2.4,0,0,0,0,0,0,0,0,0.568807074609382,2.9731660337527135,2.9885160551108245,0.0,0.0,0,1,0,0,0
2.5,0,0,0,0,0,0,0,0,0.4437776767649664,2.995208228767895,2.9948766912630416,0.0,0.0,0,1,0,0,0
2.6,0,0,0,0,0,0,0,0,0.2699491195063943,2.9721547908718917,2.982630402165536,0.0,0.0,0,1,0,0,0
2.7,0,0,0,0,0,0,0,0,0.5484215099956052,2.988118261598656,2.988118261598656,0.0,0.0,0,1,0,0,0
2.8,0,0,0,0,0,0,0,0,0.2918044806017835,2.9954253885102413,2.988118261598656,0.0,0.0,0,1,0,0,0
2.9,0,0,0,0,0,0,0,0,0.25210873895264774,3.009750456441761,2.995208228767895,0.0,0.0,0,1,0,0,0
3.0,0,0,0,0,0,0,0,0,0.6773536284357506,3.0000535978243144,2.9954253885102413,0.0,0.0,0,1,0,0,0
3.1,0,0,0,0,0,0,0,0,0.4815151043827007,2.9945710120678397,2.9954253885102413,0.0,0.0,0,1,0,0,0
3.2,0,0,0,0,0,0,0,0,0.5585684231920063,3.0171015398697567,3.0000535978243144,0.0,0.0,0,1,0,0,0
3.3,0,0,0,0,0,0,0,0,0.5446341423357112,2.98309268161578,3.0000535978243144,0.0,0.0,0,1,0,0,0
3.4,0,0,0,0,0,0,0,0,0.23800989462781866,3.015265670087973,3.0000535978243144,0.0,0.0,0,1,0,0,0
3.5,0,0,0,0,0,0,0,0,0.8574911615696086,2.977455826216842,2.9945710120678397,0.0,0.0,0,1,0,0,0
3.6,0,0,0,0,0,0,0,0,0.5211366952084876,2.986918655831048,2.986918655831048,0.0,0.0,0,1,0,0,0
3.7,0,0,0,0,0,0,0,0,0.5817932571386395,3.0029471724488133,2.986918655831048,0.0,0.0,0,1,0,0,0
3.8,0,0,0,0,0,0,0,0,0.33740406152844715,3.0350476282110934,3.0029471724488133,0.0,0.0,0,1,0,0,0
3.9,0,0,0,0,0,0,0,0,0.3373212935573473,3.0044686234823113,3.0029471724488133,0.0,0.0,0,1,0,0,0
4.0,0,0,0,0,0,0,0,0,0.4261488374256972,2.9874401881632626,3.0029471724488133,0.0,0.0,0,1,0,0,0
4.1,0,0,0,0,0,0,0,0,0.5760625628766649,3.0092834443988012,3.0044686234823113,0.0,0.0,0,1,0,0,0
4.2,0,0,0,0,0,0,0,0,0.7709304945396813,3.018183671722043,3.0092834443988012,0.0,0.0,0,1,0,0,0
4.3,0,0,0,0,0,0,0,0,0.3844850040307468,2.983957492674628,3.0044686234823113,0.0,0.0,0,1,0,0,0
4.4,0,0,0,0,0,0,0,0,0.2089636552160144,3.0148391787673168,3.0092834443988012,0.0,0.0,0,1,0,0,0
4.5,0,0,0,0,0,0,0,0,0.39601504251785996,2.9497663894901742,3.0092834443988012,0.0,0.0,0,1,0,0,0
4.6,0,0,0,0,0,0,0,0,0.4571822068171699,2.9834526365501626,2.983957492674628,0.0,0.0,0,1,0,0,0
4.7,0,0,0,0,0,0,0,0,0.2117214188455413,2.993032991758009,2.983957492674628,0.0,0.0,0,1,0,0,0
4.8,0,0,0,0,0,0,0,0,0.6884883530328973,3.0077259741244116,2.993032991758009,0.0,0.0,0,1,0,0,0
4.9,0,0,0,0,0,0,0,0,0.4515808441199566,3.025708657343512,2.993032991758009,0.0,0.0,0,1,0,0,0
5.0,0,0,0,0,0,0,0,0,0.7126130720359741,3.0264180815811943,3.0077259741244116,0.0,0.0,0,1,0,0,0
5.1,0,0,0,0,0,0,0,0,0.7470612509851103,2.987502482243777,3.0077259741244116,0.0,0.0,0,1,0,0,0
5.2,0,0,0,0,0,0,0,0,0.4457020845591727,2.9762846376853935,3.0077259741244116,0.0,0.0,0,1,0,0,0
5.3,0,0,0,0,0,0,0,0,0.10736513297945952,2.9427133842067326,2.987502482243777,0.0,0.0,0,1,0,0,0
5.4,0,0,0,0,0,0,0,0,0.2754017075783619,3.0183462908296725,2.987502482243777,0.0,0.0,0,1,0,0,0
5.5,0,0,0,0,0,0,0,0,0.19506810463570873,3.0300182344518833,2.987502482243777,0.0,0.0,0,1,0,0,0
5.6,0,0,0,0,0,0,0,0,0.43836998491761037,2.9584444004285952,2.9762846376853935,0.0,0.0,0,1,0,0,0
5.7,0,0,0,0,0,0,0,0,0.5773827921835878,2.965157149127101,2.965157149127101,0.0,0.0,0,1,0,0,0
5.8,0,0,0,0,0,0,0,0,0.43926273510475333,2.9838699509428968,2.9838699509428968,0.0,0.0,0,1,0,0,0
5.9,0,0,0,0,0,0,0,0,0.5132367987171688,2.9989103931695786,2.9838699509428968,0.0,0.0,0,1,0,0,0
6.0,0,0,0,0,0,0,0,0,0.4392081425374902,3.027187666124831,2.9838699509428968,0.0,0.0,0,1,0,0,0
6.1,0,0,0,0,0,0,0,0,0.2941591815003883,3.0060536459848968,2.9989103931695786,0.0,0.0,0,1,0,0,0
6.2,0,0,0,0,0,0,0,0,0.6070445414042699,2.9767975214199147,2.9989103931695786,0.0,0.0,0,1,0,0,0
6.3,0,0,0,0,0,0,0,0,0.3117951839259922,3.012675619207614,3.0060536459848968,0.0,0.0,0,1,0,0,0
6.4,0,0,0,0,0,0,0,0,0.9232591496715309,3.0274659701237545,3.012675619207614,0.0,0.0,0,1,0,0,0
6.5,0,0,0,0,0,0,0,0,0.9916880615334512,3.003395945901959,3.0060536459848968,0.0,0.0,0,1,0,0,0
6.6,0,0,0,0,0,0,0,0,0.35612732961451676,2.9850733292501057,3.003395945901959,0.0,0.0,0,1,0,0,0
6.7,0,0,0,0,0,0,0,0,0.7157032228898044,2.9761174895103184,3.003395945901959,0.0,0.0,0,1,0,0,0
6.8,0,0,0,0,0,0,0,0,0.4994107832203853,2.984021697062378,2.9850733292501057,0.0,0.0,0,1,0,0,0
6.9,0,0,0,0,0,0,0,0,0.4738587273430069,2.9737351629364834,2.984021697062378,0.0,0.0,0,1,0,0,0
7.0,0,0,0,0,0,0,0,0,0.4820092977910442,2.995424233110415,2.984021697062378,0.0,0.0,0,1,0,0,0
7.1,0,0,0,0,0,0,0,0,0.5543737348561082,2.996321785274254,2.984021697062378,0.0,0.0,0,1,0,0,0
7.2,0,0,0,0,0,0,0,0,0.4769397294985638,2.993387756417457,2.993387756417457,0.0,0.0,0,1,0,0,0
7.3,0,0,0,0,0,0,0,0,0.492464312537796,2.975767106973828,2.993387756417457,0.0,0.0,0,1,0,0,0
7.4,0,0,0,0,0,0,0,0,0.8582692827507772,2.9918135992768877,2.993387756417457,0.0,0.0,0,1,0,0,0
7.5,0,0,0,0,0,0,0,0,0.3862778710005329,3.0095693697400088,2.993387756417457,0.0,0.0,0,1,0,0,0
7.6,0,0,0,0,0,0,0,0,0.47987263794598345,3.0002964544892974,2.993387756417457,0.0,0.0,0,1,0,0,0
7.7,0,0,0,0,0,0,0,0,0.41789167140941874,3.025638137607197,3.0002964544892974,0.0,0.0,0,1,0,0,0
7.8,0,0,0,0,0,0,0,0,0.3557422764180867,2.9851982103049903,3.0002964544892974,0.0,0.0,0,1,0,0,0
7.9,0,0,0,0,0,0,0,0,0.3842086107080192,3.0267984290506136,3.0095693697400088,0.0,0.0,0,1,0,0,0
8.0,0,0,0,0,0,0,0,0,0.5585637604426786,2.980585239969269,3.0002964544892974,0.0,0.0,0,1,0,0,0
8.1,0,0,0,0,0,0,0,0,0.6125253233603721,3.0067344987743128,3.0067344987743128,0.0,0.0,0,1,0,0,0
8.2,0,0,0,0,0,0,0,0,0.3323367373643567,2.9753111425601717,2.9851982103049903,0.0,0.0,0,1,0,0,0
8.3,0,0,0,0,0,0,0,0,0.559437505338427,2.9935408699067874,2.9935408699067874,0.0,0.0,0,1,0,0,0
8.4,0,0,0,0,0,0,0,0,0.48492114010969684,3.009249500233351,2.9935408699067874,0.0,0.0,0,1,0,0,0
8.5,0,0,0,0,0,0,0,0,0.3224466926814555,3.0020842406158135,3.0020842406158135,0.0,0.0,0,1,0,0,0
8.6,0,0,0,0,0,0,0,0,0.5992973351259666,2.9773678033384945,2.9935408699067874,0.0,0.0,0,1,0,0,0
8.7,0,0,0,0,0,0,0,0,0.6344073351424093,3.0105286840125767,3.0020842406158135,0.0,0.0,0,1,0,0,0
8.8,0,0,0,0,0,0,0,0,0.7600801294929065,3.002898673482223,3.002898673482223,0.0,0.0,0,1,0,0,0
8.9,0,0,0,0,0,0,0,0,0.5822154257388523,3.0088244043546064,3.002898673482223,0.0,0.0,0,1,0,0,0
9.0,0,0,0,0,0,0,0,0,0.6029569286567442,2.9506038208514003,3.002898673482223,0.0,0.0,0,1,0,0,0
9.1,0,0,0,0,0,0,0,0,0.922182798276448,2.9871651948552076,3.002898673482223,0.0,0.0,0,1,0,0,0
9.2,0,0,0,0,0,0,0,0,0.5194249169676834,3.02775718615467,3.002898673482223,0.0,0.0,0,1,0,0,0
9.3,0,0,0,0,0,0,0,0,0.3640421372913611,3.0231877798503595,3.0088244043546064,0.0,0.0,0,1,0,0,0
9.4,0,0,0,0,0,0,0,0,0.353178634081126,2.9826921588447597,2.9871651948552076,0.0,0.0,0,1,0,0,0
9.5,0,0,0,0,0,0,0,0,0.49240601121734795,3.0118751509465747,3.0118751509465747,0.0,0.0,0,1,0,0,0
9.6,0,0,0,0,0,0,0,0,0.4251971793819208,2.994129616541903,3.0118751509465747,0.0,0.0,0,1,0,0,0
9.7,0,0,0,0,0,0,0,0,0.3838370730276652,3.032682944470968,3.0118751509465747,0.0,0.0,0,1,0,0,0
9.8,0,0,0,0,0,0,0,0,0.7515849851716183,2.998865299492228,2.998865299492228,0.0,0.0,0,1,0,0,0
9.9,0,0,0,0,0,0,0,0,0.7002241162731734,2.986655442421185,2.998865299492228,0.0,0.0,0,1,0,0,0
10.0,0,0,0,0,0,0,0,0,0.5963447732916484,2.9744373932854287,2.994129616541903,0.0,0.0,0,1,0,0,0
10.1,0,0,0,0,0,0,0,0,0.36609486455909596,3.016330756228895,2.998865299492228,0.0,0.0,0,1,0,0,0
10.2,0,0,0,0,0,0,0,0,0.3713311839576169,3.0184265885046995,2.998865299492228,0.0,0.0,0,1,0,0,0
10.3,0,0,0,0,0,0,0,0,0.5538351937361702,2.983341418386034,2.986655442421185,0.0,0.0,0,1,0,0,0
10.4,0,0,0,0,0,0,0,0,0.20302896818097332,3.0064153297555825,3.0064153297555825,0.0,0.0,0,1,0,0,0
10.5,0,0,0,0,0,0,0,0,0.421235379836676,2.995438672972042,3.0064153297555825,0.0,0.0,0,1,0,0,0
10.6,0,0,0,0,0,0,0,0,0.48236433683762814,2.9638400849545334,2.995438672972042,0.0,0.0,0,1,0,0,0
10.7,0,0,0,0,0,0,0,0,0.20759876807248506,2.9949851501693874,2.9949851501693874,0.0,0.0,0,1,0,0,0
10.8,0,0,0,0,0,0,0,0,0.10705769983373613,2.9811234856594515,2.9949851501693874,0.0,0.0,0,1,0,0,0
10.9,0,0,0,0,0,0,0,0,0.5660574435254123,3.0176218498702427,2.9949851501693874,0.0,0.0,0,1,0,0,0
11.0,0,0,0,0,0,0,0,0,0.25039047563956285,3.021974014260361,2.9949851501693874,0.0,0.0,0,1,0,0,0
11.1,0,0,0,0,0,0,0,0,0.36977738271375327,3.014649650885998,3.014649650885998,0.0,0.0,0,1,0,0,0
11.2,0,0,0,0,0,0,0,0,0.43212484235166754,3.0279763115446823,3.0176218498702427,0.0,0.0,0,1,0,0,0
11.3,0,0,0,0,0,0,0,0,0.43254944280490965,3.0206180150110162,3.0206180150110162,0.0,0.0,0,1,0,0,0
11.4,0,0,0,0,0,0,0,0,0.15842119437753127,3.0424072980873307,3.021974014260361,0.0,0.0,0,1,0,0,0
11.5,0,0,0,0,0,0,0,0,0.32443007131311924,2.9737472955259476,3.0206180150110162,0.0,0.0,0,1,0,0,0
11.6,0,0,0,0,0,0,0,0,1.4278935511019257,3.018371256639401,3.0206180150110162,0.0,0.0,0,1,0,0,0
11.7,0,0,0,0,0,0,0,0,0.3329993837325934,3.037506399761012,3.0206180150110162,0.0,0.0,0,1,0,0,0
11.8,0,0,0,0,0,0,0,0,0.7654117971828772,2.995405762367229,3.018371256639401,0.0,0.0,0,1,0,0,0
11.9,0,0,0,0,0,0,0,0,0.7309265702369175,2.995555682088925,2.995555682088925,0.0,0.0,0,1,0,0,0
12.0,0,0,0,0,0,0,0,0,0.42079862717261635,3.0014615431736753,3.0014615431736753,0.0,0.0,0,1,0,0,0
12.1,0,0,0,0,0,0,0,0,0.5296301395738096,2.988188321563312,2.995555682088925,0.0,0.0,0,1,0,0,0
12.2,0,0,0,0,0,0,0,0,0.6352313236619151,2.98820587455591,2.995405762367229,0.0,0.0,0,1,0,0,0
12.3,0,0,0,0,0,0,0,0,0.427490916395763,2.990985773928498,2.990985773928498,0.0,0.0,0,1,0,0,0
12.4,0,0,0,0,0,0,0,0,0.5370585805432738,2.9875099716298577,2.98820587455591,0.0,0.0,0,1,0,0,0
12.5,0,0,0,0,0,0,0,0,0.5399676217007646,3.0069984956293316,2.98820587455591,0.0,0.0,0,1,0,0,0
12.6,0,0,0,0,0,0,0,0,0.5232981835268993,2.9731393669364317,2.98820587455591,0.0,0.0,0,1,0,0,0
12.7,0,0,0,0,0,0,0,0,0.416927025743304,3.023223300534368,2.990985773928498,0.0,0.0,0,1,0,0,0
12.8,0,0,0,0,0,0,0,0,0.7012243471458274,2.992456136424554,2.992456136424554,0.0,0.0,0,1,0,0,0
12.9,0,0,0,0,0,0,0,0,0.554153908528491,2.9999463150600323,2.9999463150600323,0.0,0.0,0,1,0,0,0
13.0,0,0,0,0,0,0,0,0,0.28968697130543075,3.0092315298002577,2.9999463150600323,0.0,0.0,0,1,0,0,0
13.1,0,0,0,0,0,0,0,0,0.4856598140753727,2.988902525263718,2.9999463150600323,0.0,0.0,0,1,0,0,0
13.2,0,0,0,0,0,0,0,0,0.3225248041737242,2.9871517530843126,2.992456136424554,0.0,0.0,0,1,0,0,0
13.3,0,0,0,0,0,0,0,0,0.302808934019213,2.9896603214784094,2.9896603214784094,0.0,0.0,0,1,0,0,0
13.4,0,0,0,0,0,0,0,0,0.6465880775596273,2.9935392026323298,2.9896603214784094,0.0,0.0,0,1,0,0,0
13.5,0,0,0,0,0,0,0,0,0.8097061392919424,2.996551799912724,2.9896603214784094,0.0,0.0,0,1,0,0,0
13.6,0,0,0,0,0,0,0,0,0.25103520071745844,2.990406098889675,2.990406098889675,0.0,0.0,0,1,0,0,0
13.7,0,0,0,0,0,0,0,0,0.5849522746515311,3.007959138991579,2.9935392026323298,0.0,0.0,0,1,0,0,0
13.8,0,0,0,0,0,0,0,0,0.15500685241908818,2.9949277527427176,2.9949277527427176,0.0,0.0,0,1,0,0,0
13.9,0,0,0,0,0,0,0,0,0.4477637279794612,3.042167243364954,2.996551799912724,0.0,0.0,0,1,0,0,0
14.0,0,0,0,0,0,0,0,0,0.3142870800482941,2.9901916149085337,2.9949277527427176,0.0,0.0,0,1,0,0,0
14.1,0,0,0,0,0,0,0,0,0.8051209208372813,2.973568125829018,2.9949277527427176,0.0,0.0,0,1,0,0,0
14.2,0,0,0,0,0,0,0,0,0.72285502138217,2.978090602416474,2.9901916149085337,0.0,0.0,0,1,0,0,0
14.3,0,0,0,0,0,0,0,0,0.44490036154029367,3.026902483028621,2.9901916149085337,0.0,0.0,0,1,0,0,0
14.4,0,0,0,0,0,0,0,0,0.26862886962811755,2.98778034724588,2.98778034724588,0.0,0.0,0,1,0,0,0
14.5,0,0,0,0,0,0,0,0,0.23193230310912624,2.999425368618234,2.98778034724588,0.0,0.0,0,1,0,0,0
14.6,0,0,0,0,0,0,0,0,0.8836067557441273,2.979531620302777,2.98778034724588,0.0,0.0,0,1,0,0,0
14.7,0,0,0,0,0,0,0,0,0.4316746026942695,2.986551973499248,2.98778034724588,0.0,0.0,0,1,0,0,0
14.8,0,0,0,0,0,0,0,0,0.5976741238993214,3.0236446336059504,2.98778034724588,0.0,0.0,0,1,0,0,0
14.9,0,0,0,0,0,0,0,0,0.4296970494083072,2.9787607247267447,2.986551973499248,0.0,0.0,0,1,0,0,0
15.0,0,0,0,0,0,0,0,0,0.28694689096838755,2.9785218350877103,2.979531620302777,0.0,0.0,0,1,0,0,0
15.1,0,0,0,0,0,0,0,0,0.3981216842187522,2.9730761770103507,2.9787607247267447,0.0,0.0,0,1,0,0,0
15.2,0,0,0,0,0,0,0,0,0.20729811410700527,3.0317611734351955,2.9787607247267447,0.0,0.0,0,1,0,0,0
15.3,0,0,0,0,0,0,0,0,0.25278058470186315,3.0098165347621446,2.9787607247267447,0.0,0.0,0,1,0,0,0
15.4,0,0,0,0,0,0,0,0,0.4015986394300168,3.0261162652887097,3.0098165347621446,0.0,0.0,0,1,0,0,0
15.5,0,0,0,0,0,0,0,0,0.3819601475391735,3.01718927921877,3.01718927921877,0.0,0.0,0,1,0,0,0
15.6,0,0,0,0,0,0,0,0,0.42451661311912525,2.990477063998554,3.01718927921877,0.0,0.0,0,1,0,0,0
15.7,0,0,0,0,0,0,0,0,0.5256218497360345,2.9963396117122416,3.0098165347621446,0.0,0.0,0,1,0,0,0
15.8,0,0,0,0,0,0,0,0,0.3604934165286381,3.015166197939645,3.015166197939645,0.0,0.0,0,1,0,0,0
15.9,0,0,0,0,0,0,0,0,0.7534162931154282,3.015431241917262,3.015166197939645,0.0,0.0,0,1,0,0,0
16.0,0,0,0,0,0,0,0,0,0.49316223311872476,3.0222205525836507,3.015166197939645,0.0,0.0,0,1,0,0,0
16.1,0,0,0,0,0,0,0,0,0.5619568579357165,3.0288804676383854,3.015431241917262,0.0,0.0,0,1,0,0,0
16.2,0,0,0,0,0,0,0,0,0.4013167242426377,3.010666212934677,3.015431241917262,0.0,0.0,0,1,0,0,0
16.3,0,0,0,0,0,0,0,0,0.4115534923259233,2.9933237151229317,3.015431241917262,0.0,0.0,0,1,0,0,0
16.4,0,0,0,0,0,0,0,0,0.9202249192664843,3.0400075357701692,3.0222205525836507,0.0,0.0,0,1,0,0,0
16.5,0,0,0,0,0,0,0,0,0.206601633575956,2.9800324281407873,3.010666212934677,0.0,0.0,0,1,0,0,0
16.6,0,0,0,0,0,0,0,0,0.496779398077126,2.983413371737057,2.9933237151229317,0.0,0.0,0,1,0,0,0
16.7,0,0,0,0,0,0,0,0,0.6322179676733307,3.028796517685707,2.9933237151229317,0.0,0.0,0,1,0,0,0
16.8,0,0,0,0,0,0,0,0,0.7377208584315006,2.975180726207012,2.983413371737057,0.0,0.0,0,1,0,0,0
16.9,0,0,0,0,0,0,0,0,0.3967369195644061,2.984154743077137,2.983413371737057,0.0,0.0,0,1,0,0,0
17.0,0,0,0,0,0,0,0,0,0.4878506192860893,3.0107215315550113,2.984154743077137,0.0,0.0,0,1,0,0,0
17.1,0,0,0,0,0,0,0,0,0.24631506834774058,3.0208732187806624,3.0107215315550113,0.0,0.0,0,1,0,0,0
17.2,0,0,0,0,0,0,0,0,0.24688344976478588,2.9683351065655983,2.984154743077137,0.0,0.0,0,1,0,0,0
17.3,0,0,0,0,0,0,0,0,0.44818575347806255,2.984436213666064,2.984436213666064,0.0,0.0,0,1,0,0,0
17.4,0,0,0,0,0,0,0,0,0.46211296973647137,2.999770181841815,2.999770181841815,0.0,0.0,0,1,0,0,0
17.5,0,0,0,0,0,0,0,0,0.7300928254918633,3.0203244858357285,2.999770181841815,0.0,0.0,0,1,0,0,0
17.6,0,0,0,0,0,0,0,0,0.5315771645594437,2.986266284683984,2.986266284683984,0.0,0.0,0,1,0,0,0
17.7,0,0,0,0,0,0,0,0,0.3957582453763924,3.0056804398913237,2.999770181841815,0.0,0.0,0,1,0,0,0
17.8,0,0,0,0,0,0,0,0,0.49160739622358646,3.04488807912649,3.0056804398913237,0.0,0.0,0,1,0,0,0
17.9,0,0,0,0,0,0,0,0,0.410123788196851,2.987905235990944,3.0056804398913237,0.0,0.0,0,1,0,0,0
18.0,0,0,0,0,0,0,0,0,0.3502695240790163,2.97145487001115,2.987905235990944,0.0,0.0,0,1,0,0,0
18.1,0,0,0,0,0,0,0,0,0.7309989497169036,3.0154071111564376,3.0056804398913237,0.0,0.0,0,1,0,0,0
18.2,0,0,0,0,0,0,0,0,0.3297693593924329,3.0054434995979724,3.0054434995979724,0.0,0.0,0,1,0,0,0
18.3,0,0,0,0,0,0,0,0,0.576860866057439,3.0148524220456,3.0054434995979724,0.0,0.0,0,1,0,0,0
18.4,0,0,0,0,0,0,0,0,0.37658697434258576,2.981675219631689,3.0054434995979724,0.0,0.0,0,1,0,0,0
18.5,0,0,0,0,0,0,0,0,0.27322654817978137,2.9822705364019937,3.0054434995979724,0.0,0.0,0,1,0,0,0
18.6,0,0,0,0,0,0,0,0,0.4445698466280482,2.999396140375709,2.999396140375709,0.0,0.0,0,1,0,0,0
18.7,0,0,0,0,0,0,0,0,0.5529131809863393,2.978536153694963,2.9822705364019937,0.0,0.0,0,1,0,0,0
18.8,0,0,0,0,0,0,0,0,0.7373575801439158,2.994671318278878,2.9822705364019937,0.0,0.0,0,1,0,0,0
18.9,0,0,0,0,0,0,0,0,0.6447895086155745,3.002817806403333,2.994671318278878,0.0,0.0,0,1,0,0,0
19.0,0,0,0,0,0,0,0,0,0.3662135439992731,2.9891821527976927,2.994671318278878,0.0,0.0,0,1,0,0,0
19.1,0,0,0,0,0,0,0,0,0.44051841214051524,2.9876379937150266,2.9891821527976927,0.0,0.0,0,1,0,0,0
19.2,0,0,0,0,0,0,0,0,0.22841317193811028,3.0198590967416683,2.994671318278878,0.0,0.0,0,1,0,0,0
19.3,0,0,0,0,0,0,0,0,0.36721255707249717,3.007593347960864,3.002817806403333,0.0,0.0,0,1,0,0,0
19.4,0,0,0,0,0,0,0,0,0.18502547781929377,2.993188568871421,2.993188568871421,0.0,0.0,0,1,0,0,0
19.5,0,0,0,0,0,0,0,0,0.4640031582725851,2.970245389288389,2.993188568871421,0.0,0.0,0,1,0,0,0
19.6,0,0,0,0,0,0,0,0,0.722431024533644,3.007928417556547,3.007593347960864,0.0,0.0,0,1,0,0,0
19.7,0,0,0,0,0,0,0,0,0.7930634647868976,2.988035687312988,2.993188568871421,0.0,0.0,0,1,0,0,0
19.8,0,0,0,0,0,0,0,0,0.3306584083511642,2.9800911412804263,2.988035687312988,0.0,0.0,0,1,0,0,0
19.9,0,0,0,0,0,0,0,0,0.4428045898303906,3.029255972218302,2.988035687312988,0.0,0.0,0,1,0,0,0
20.0,0,0,0,0,0,0,0,0,0.5423443842171914,2.987022120244908,2.988035687312988,0.0,0.0,0,1,0,0,0
20.1,0,0,0,0,0,0,0,0,0.279641288276216,2.9898013305756495,2.988035687312988,0.0,0.0,0,1,0,0,0
20.2,0,0,0,0,0,0,0,0,0.4811693085249386,3.019042145585941,2.9898013305756495,0.0,0.0,0,1,0,0,0
20.3,0,0,0,0,0,0,0,0,0.32311574148667843,3.0155855051097866,3.0155855051097866,0.0,0.0,0,1,0,0,0
20.4,0,0,0,0,0,0,0,0,0.691544638137401,2.9711908920201067,2.9898013305756495,0.0,0.0,0,1,0,0,0
20.5,0,0,0,0,0,0,0,0,0.6208925422858265,2.9781263922989862,2.9898013305756495,0.0,0.0,0,1,0,0,0
20.6,0,0,0,0,0,0,0,0,0.42211484959370477,2.995125627035662,2.995125627035662,0.0,0.0,0,1,0,0,0
20.7,0,0,0,0,0,0,0,0,0.3835095892546918,2.9702320761553898,2.9781263922989862,0.0,0.0,0,1,0,0,0
20.8,0,0,0,0,0,0,0,0,0.4059410705922567,3.01132332179755,2.9781263922989862,0.0,0.0,0,1,0,0,0
20.9,0,0,0,0,0,0,0,0,0.3754866124995028,3.015647806479129,2.995125627035662,0.0,0.0,0,1,0,0,0
21.0,0,0,0,0,0,0,0,0,0.305823878578407,2.9975886185764575,2.9975886185764575,0.0,0.0,0,1,0,0,0
21.1,0,0,0,0,0,0,0,0,0.46501194059894435,2.9578929168360277,2.9975886185764575,0.0,0.0,0,1,0,0,0
21.2,0,0,0,0,0,0,0,0,0.3810497532245401,3.0016074568236117,3.0016074568236117,0.0,0.0,0,1,0,0,0
21.3,0,0,0,0,0,0,0,0,0.2745696713391712,2.9917044180824806,2.9975886185764575,0.0,0.0,0,1,0,0,0
21.4,0,0,0,0,0,0,0,0,0.646053258397129,3.013870351039399,2.9975886185764575,0.0,0.0,0,1,0,0,0
21.5,0,0,0,0,0,0,0,0,0.22124952435925258,2.9942926547107187,2.9942926547107187,0.0,0.0,0,1,0,0,0
21.6,0,0,0,0,0,0,0,0,0.3427995240589669,2.9724626683468167,2.9942926547107187,0.0,0.0,0,1,0,0,0
21.7,0,0,0,0,0,0,0,0,0.6180881197539594,3.0254155714566817,2.9942926547107187,0.0,0.0,0,1,0,0,0
21.8,0,0,0,0,0,0,0,0,0.6610729030625588,2.997297763016665,2.997297763016665,0.0,0.0,0,1,0,0,0
21.9,0,0,0,0,0,0,0,0,0.650879439620897,2.9871799541947492,2.9942926547107187,0.0,0.0,0,1,0,0,0
22.0,0,0,0,0,0,0,0,0,0.39034494843135614,3.0156911307366596,2.997297763016665,0.0,0.0,0,1,0,0,0
22.1,0,0,0,0,0,0,0,0,0.7594866333692555,3.0315501176345743,3.0156911307366596,0.0,0.0,0,1,0,0,0
22.2,0,0,0,0,0,0,0,0,0.19836814484747797,2.98257238425072,2.997297763016665,0.0,0.0,0,1,0,0,0
22.3,0,0,0,0,0,0,0,0,0.4230082356737769,2.982601358242607,2.9871799541947492,0.0,0.0,0,1,0,0,0
22.4,0,0,0,0,0,0,0,0,0.36735312882517523,2.981553249712478,2.982601358242607,0.0,0.0,0,1,0,0,0
22.5,0,0,0,0,0,0,0,0,0.2990811208886659,3.0330345829491403,2.982601358242607,0.0,0.0,0,1,0,0,0
22.6,0,0,0,0,0,0,0,0,0.31415084001034205,2.968444965808145,2.98257238425072,0.0,0.0,0,1,0,0,0
22.7,0,0,0,0,0,0,0,0,0.336425164152477,3.006908795947084,2.982601358242607,0.0,0.0,0,1,0,0,0
22.8,0,0,0,0,0,0,0,0,0.31188149856599984,2.941142902158466,2.981553249712478,0.0,0.0,0,1,0,0,0
22.9,0,0,0,0,0,0,0,0,0.32955015256543746,2.9804897204130403,2.9804897204130403,0.0,0.0,0,1,0,0,0
23.0,0,0,0,0,0,0,0,0,0.2690882799879828,2.9727874187492485,2.9727874187492485,0.0,0.0,0,1,0,0,0
23.1,0,0,0,0,0,0,0,0,0.32593572142878524,2.9692002580321013,2.9727874187492485,0.0,0.0,0,1,0,0,0
23.2,0,0,0,0,0,0,0,0,0.4086256422954267,3.007807382104646,2.9727874187492485,0.0,0.0,0,1,0,0,0
23.3,0,0,0,0,0,0,0,0,0.5080862778313162,3.0224340398941694,2.9804897204130403,0.0,0.0,0,1,0,0,0
23.4,0,0,0,0,0,0,0,0,0.3961835689186476,3.00728526820867,3.00728526820867,0.0,0.0,0,1,0,0,0
23.5,0,0,0,0,0,0,0,0,0.43622080622163006,2.9991865132661366,3.00728526820867,0.0,0.0,0,1,0,0,0
23.6,0,0,0,0,0,0,0,0,0.5050476233016756,3.013383718325378,3.007807382104646,0.0,0.0,0,1,0,0,0
23.7,0,0,0,0,0,0,0,0,0.6286061189002274,3.01140542308648,3.01140542308648,0.0,0.0,0,1,0,0,0
23.8,0,0,0,0,0,0,0,0,0.6007261545174195,3.026334649733527,3.01140542308648,0.0,0.0,0,1,0,0,0
23.9,0,0,0,0,0,0,0,0,0.4985564584698604,2.990771328719547,3.01140542308648,0.0,0.0,0,1,0,0,0
