t,A,V,P,M,U,health,state,score,audio_score,raw_distance,distance,motion_fraction,naive_fraction,fallback,server,internet,queued_alerts,delivered_alerts,physical_p,physical_m,physical_u
0.0,0,0,0,0,0,0,0,0,0.761812684847983,3.0030024997660107,3.0030024997660107,0.0,0.0,0,1,1,0,0,0,0,0
0.1,0,0,0,0,0,0,0,0,0.761812684847983,3.0160036471985388,3.0160036471985388,0.0,0.0,0,1,1,0,0,0,0,0
0.2,0,0,0,0,0,0,0,0,0.8336775384865724,2.9851573105127507,3.0030024997660107,0.0,0.0,0,1,1,0,0,0,0,0
0.3,0,0,0,0,0,0,0,0,0.1982889792345837,2.995168925070428,3.0030024997660107,0.0,0.0,0,1,1,0,0,0,0,0
0.4,0,0,0,0,0,0,0,0,0.41705176935051275,2.9953873423440847,2.9953873423440847,0.0,0.0,0,1,1,0,0,0,0,0
0.5,0,0,0,0,0,0,0,0,0.3024901546830307,2.996762400310845,2.9953873423440847,0.0,0.0,0,1,1,0,0,0,0,0
0.6,0,0,0,0,0,0,0,0,0.6348707164811481,3.0216005320344035,2.9953873423440847,0.0,0.0,0,1,1,0,0,0,0,0
0.7,0,0,0,0,0,0,0,0,0.34245999973034397,2.9844629515498187,2.9953873423440847,0.0,0.0,0,1,1,0,0,0,0,0
0.8,0,0,0,0,0,0,0,0,0.555548958118267,2.9994105234005803,2.996762400310845,0.0,0.0,0,1,1,0,0,0,0,0
0.9,0,0,0,0,0,0,0,0,0.301633626485189,3.0035716778412467,2.9994105234005803,0.0,0.0,0,1,1,0,0,0,0,0
1.0,0,0,0,0,0,0,0,0,0.24418118823151486,2.993549920237225,2.9994105234005803,0.0,0.0,0,1,1,0,0,0,0,0
1.1,0,0,0,0,0,0,0,0,0.4075960326532085,3.03499767743035,2.9994105234005803,0.0,0.0,0,1,1,0,0,0,0,0
1.2,0,0,0,0,0,0,0,0,0.4196706222542996,3.006090861525497,3.0035716778412467,0.0,0.0,0,1,1,0,0,0,0,0
1.3,0,0,0,0,0,0,0,0,0.48838134525879306,2.9854011911450065,3.0035716778412467,0.0,0.0,0,1,1,0,0,0,0,0
1.4,0,0,0,0,0,0,0,0,0.8928634210850056,2.979570414666967,2.993549920237225,0.0,0.0,0,1,1,0,0,0,0,0
1.5,0,0,0,0,0,0,0,0,0.6118922615347023,2.9728018544521535,2.9854011911450065,0.0,0.0,0,1,1,0,0,0,0,0
1.6,0,0,0,0,0,0,0,0,0.4946721691437328,2.989034621160964,2.9854011911450065,0.0,0.0,0,1,1,0,0,0,0,0
1.7,0,0,0,0,0,0,0,0,0.6911247814103778,2.9946957538861705,2.9854011911450065,0.0,0.0,0,1,1,0,0,0,0,0
1.8,0,0,0,0,0,0,0,0,0.7450557003472371,3.0136496793634517,2.989034621160964,0.0,0.0,0,1,1,0,0,0,0,0
1.9,0,0,0,0,0,0,0,0,0.6912693447905843,3.0208197065780786,2.9946957538861705,0.0,0.0,0,1,1,0,0,0,0,0
2.0,0,0,0,0,0,0,0,0,0.6234263608874078,2.9885160551108245,2.9946957538861705,0.0,0.0,0,1,1,0,0,0,0,0
2.1,0,0,0,0,0,0,0,0,0.1999505500741634,2.9948766912630416,2.9948766912630416,0.0,0.0,0,1,1,0,0,0,0,0
2.2,0,0,0,0,0,0,0,0,0.3958269094721933,2.982630402165536,2.9948766912630416,0.0,0.0,0,1,1,0,0,0,0,0
2.3,0,0,0,0,0,0,0,0,0.6811400672564287,2.9969904968794294,2.9948766912630416,0.0,0.0,0,1,1,0,0,0,0,0
2.4,0,0,0,0,0,0,0,0,0.43671471134522183,2.9731660337527135,2.9885160551108245,0.0,0.0,0,1,1,0,0,0,0,0
2.5,0,0,0,0,0,0,0,0,0.43950681024643445,2.995208228767895,2.9948766912630416,0.0,0.0,0,1,1,0,0,0,0,0
2.6,0,0,0,0,0,0,0,0,0.2400803462247321,2.9721547908718917,2.982630402165536,0.0,0.0,0,1,1,0,0,0,0,0
2.7,0,0,0,0,0,0,0,0,1.0397875066550246,2.988118261598656,2.988118261598656,0.0,0.0,0,1,1,0,0,0,0,0
2.8,0,0,0,0,0,0,0,0,1.1974208021999948,2.9954253885102413,2.988118261598656,0.0,0.0,0,1,1,0,0,0,0,0
2.9,0,0,0,0,0,0,0,0,0.721386949889796,3.009750456441761,2.995208228767895,0.0,0.0,0,1,1,0,0,0,0,0
3.0,0,0,0,0,0,0,0,0,0.3193574526539998,3.0000535978243144,2.9954253885102413,0.0,0.0,0,1,1,0,0,0,0,0
3.1,0,0,0,0,0,0,0,0,0.7047330958662448,2.9945710120678397,2.9954253885102413,0.0,0.0,0,1,1,0,0,0,0,0
3.2,0,0,0,0,0,0,0,0,0.7142623033612007,3.0171015398697567,3.0000535978243144,0.0,0.0,0,1,1,0,0,0,0,0
3.3,0,0,0,0,0,0,0,0,0.5104374547383891,2.98309268161578,3.0000535978243144,0.0,0.0,0,1,1,0,0,0,0,0
3.4,0,0,0,0,0,0,0,0,0.5893576738836996,3.015265670087973,3.0000535978243144,0.0,0.0,0,1,1,0,0,0,0,0
3.5,0,0,0,0,0,0,0,0,0.3715577115522663,2.977455826216842,2.9945710120678397,0.0,0.0,0,1,1,0,0,0,0,0
3.6,0,0,0,0,0,0,0,0,0.6379112054734543,2.986918655831048,2.986918655831048,0.0,0.0,0,1,1,0,0,0,0,0
3.7,0,0,0,0,0,0,0,0,0.24488952051237667,3.0029471724488133,2.986918655831048,0.0,0.0,0,1,1,0,0,0,0,0
3.8,0,0,0,0,0,0,0,0,0.8522655509145785,3.0350476282110934,3.0029471724488133,0.0,0.0,0,1,1,0,0,0,0,0
3.9,0,0,0,0,0,0,0,0,0.21241312864123651,3.0044686234823113,3.0029471724488133,0.0,0.0,0,1,1,0,0,0,0,0
4.0,0,0,0,0,0,0,0,0,0.3156625032611103,2.9874401881632626,3.0029471724488133,0.0,0.0,0,1,1,0,0,0,0,0
4.1,0,0,0,0,0,0,0,0,0.2819497180581361,3.0092834443988012,3.0044686234823113,0.0,0.0,0,1,1,0,0,0,0,0
4.2,0,0,0,0,0,0,0,0,0.3607901216405767,3.018183671722043,3.0092834443988012,0.0,0.0,0,1,1,0,0,0,0,0
4.3,0,0,0,0,0,0,0,0,0.28199089772835095,2.983957492674628,3.0044686234823113,0.0,0.0,0,1,1,0,0,0,0,0
4.4,0,0,0,0,0,0,0,0,0.9725109324914257,3.0148391787673168,3.0092834443988012,0.0,0.0,0,1,1,0,0,0,0,0
4.5,0,0,0,0,0,0,0,0,0.2769053098839506,2.9497663894901742,3.0092834443988012,0.0,0.0,0,1,1,0,0,0,0,0
4.6,0,0,0,0,0,0,0,0,0.41918201024278195,2.9834526365501626,2.983957492674628,0.0,0.0,0,1,1,0,0,0,0,0
4.7,0,0,0,0,0,0,0,0,0.6269377449829588,2.993032991758009,2.983957492674628,0.0,0.0,0,1,1,0,0,0,0,0
4.8,0,0,0,0,0,0,0,0,0.23404661048707673,3.0077259741244116,2.993032991758009,0.0,0.0,0,1,1,0,0,0,0,0
4.9,0,0,0,0,0,0,0,0,0.19863576647384656,3.025708657343512,2.993032991758009,0.0,0.0,0,1,1,0,0,0,0,0
5.0,0,0,0,0,0,0,0,0,0.22277712477929185,3.0264180815811943,3.0077259741244116,0.0,0.0,0,1,1,0,0,0,0,0
5.1,0,0,0,0,0,0,0,0,0.44448739973657053,2.987502482243777,3.0077259741244116,0.0,0.0,0,1,1,0,0,0,0,0
5.2,0,0,0,0,0,0,0,0,0.5410287878575395,2.9762846376853935,3.0077259741244116,0.0,0.0,0,1,1,0,0,0,0,0
5.3,0,0,0,0,0,0,0,0,0.4278561969007204,2.9427133842067326,2.987502482243777,0.0,0.0,0,1,1,0,0,0,0,0
5.4,0,0,0,0,0,0,0,0,0.7420369151099145,3.0183462908296725,2.987502482243777,0.0,0.0,0,1,1,0,0,0,0,0
5.5,0,0,0,0,0,0,0,0,0.5790309077667358,3.0300182344518833,2.987502482243777,0.0,0.0,0,1,1,0,0,0,0,0
5.6,0,0,0,0,0,0,0,0,0.5761943780632177,2.9584444004285952,2.9762846376853935,0.0,0.0,0,1,1,0,0,0,0,0
5.7,0,0,0,0,0,0,0,0,0.319783027263555,2.965157149127101,2.965157149127101,0.0,0.0,0,1,1,0,0,0,0,0
5.8,0,0,0,0,0,0,0,0,0.2365721749756734,2.9838699509428968,2.9838699509428968,0.0,0.0,0,1,1,0,0,0,0,0
5.9,0,0,0,0,0,0,0,0,0.6217156513379463,2.9989103931695786,2.9838699509428968,0.0,0.0,0,1,1,0,0,0,0,0
6.0,0,0,0,0,0,0,0,0,0.7685913882600334,3.027187666124831,2.9838699509428968,0.0,0.0,0,1,1,0,0,0,0,0
6.1,0,0,0,0,0,0,0,0,0.4670612946783447,3.0060536459848968,2.9989103931695786,0.0,0.0,0,1,1,0,0,0,0,0
6.2,0,0,0,0,0,0,0,0,1.1518376170932845,2.9767975214199147,2.9989103931695786,0.0,0.0,0,1,1,0,0,0,0,0
6.3,0,0,0,0,0,0,0,0,0.470848427164454,3.012675619207614,3.0060536459848968,0.0,0.0,0,1,1,0,0,0,0,0
6.4,0,0,0,0,0,0,0,0,0.5540201295493278,3.0274659701237545,3.012675619207614,0.0,0.0,0,1,1,0,0,0,0,0
6.5,0,0,0,0,0,0,0,0,0.35541169763964026,3.003395945901959,3.0060536459848968,0.0,0.0,0,1,1,0,0,0,0,0
6.6,0,0,0,0,0,0,0,0,0.9640058198527346,2.9850733292501057,3.003395945901959,0.0,0.0,0,1,1,0,0,0,0,0
6.7,0,0,0,0,0,0,0,0,0.44073730572404374,2.9761174895103184,3.003395945901959,0.0,0.0,0,1,1,0,0,0,0,0
6.8,0,0,0,0,0,0,0,0,0.4708529144826864,2.984021697062378,2.9850733292501057,0.0,0.0,0,1,1,0,0,0,0,0
6.9,0,0,0,0,0,0,0,0,0.4962021200037924,2.9737351629364834,2.984021697062378,0.0,0.0,0,1,1,0,0,0,0,0
7.0,0,0,0,0,0,0,0,0,0.8095036822975447,2.995424233110415,2.984021697062378,0.0,0.0,0,1,1,0,0,0,0,0
7.1,0,0,0,0,0,0,0,0,0.31536128901941163,2.996321785274254,2.984021697062378,0.0,0.0,0,1,1,0,0,0,0,0
7.2,0,0,0,0,0,0,0,0,0.4953923704745801,2.993387756417457,2.993387756417457,0.0,0.0,0,1,1,0,0,0,0,0
7.3,0,0,0,0,0,0,0,0,0.507554161672963,2.975767106973828,2.993387756417457,0.0,0.0,0,1,1,0,0,0,0,0
7.4,0,0,0,0,0,0,0,0,0.5679836441554721,2.9918135992768877,2.993387756417457,0.0,0.0,0,1,1,0,0,0,0,0
7.5,0,0,0,0,0,0,0,0,0.45590748181831586,3.0095693697400088,2.993387756417457,0.0,0.0,0,1,1,0,0,0,0,0
7.6,0,0,0,0,0,0,0,0,0.26878938277517733,3.0002964544892974,2.993387756417457,0.0,0.0,0,1,1,0,0,0,0,0
7.7,0,0,0,0,0,0,0,0,0.33566806650063447,3.025638137607197,3.0002964544892974,0.0,0.0,0,1,1,0,0,0,0,0
7.8,0,0,0,0,0,0,0,0,0.8931029234973076,2.9851982103049903,3.0002964544892974,0.0,0.0,0,1,1,0,0,0,0,0
7.9,0,0,0,0,0,0,0,0,0.7047991457465329,3.0267984290506136,3.0095693697400088,0.0,0.0,0,1,1,0,0,0,0,0
8.0,0,0,0,0,0,1,1,0,1.1051491942466438,2.980585239969269,3.0002964544892974,0.0,0.0,0,1,1,0,0,0,0,0
8.1,0,0,0,0,0,1,1,0,0.3282808200398167,3.0067344987743128,3.0067344987743128,0.0,0.0,0,1,1,0,0,0,0,0
8.2,0,0,0,0,0,1,1,0,0.7672057766385573,2.9753111425601717,2.9851982103049903,0.0,0.0,0,1,1,0,0,0,0,0
8.3,0,0,0,0,0,1,1,0,0.20267104894505103,2.9935408699067874,2.9935408699067874,0.0,0.0,0,1,1,0,0,0,0,0
8.4,0,0,0,0,0,1,1,0,0.4142544953009971,3.009249500233351,2.9935408699067874,0.0,0.0,0,1,1,0,0,0,0,0
8.5,0,0,0,0,0,1,1,0,0.4053003583744716,3.0020842406158135,3.0020842406158135,0.0,0.0,0,1,1,0,0,0,0,0
8.6,0,0,0,0,0,1,1,0,0.295330776679448,2.9773678033384945,2.9935408699067874,0.0,0.0,0,1,1,0,0,0,0,0
8.7,0,0,0,0,0,1,1,0,0.6693378538656268,3.0105286840125767,3.0020842406158135,0.0,0.0,0,1,1,0,0,0,0,0
8.8,0,0,0,0,0,1,1,0,0.33794937262007274,3.002898673482223,3.002898673482223,0.0,0.0,0,1,1,0,0,0,0,0
8.9,0,0,0,0,0,1,1,0,0.28380237073598036,3.0088244043546064,3.002898673482223,0.0,0.0,0,1,1,0,0,0,0,0
9.0,0,0,0,0,0,1,1,0,0.42514557945042714,2.9506038208514003,3.002898673482223,0.0,0.0,0,1,1,0,0,0,0,0
9.1,0,0,0,0,0,1,1,0,0.3445441284365802,2.9871651948552076,3.002898673482223,0.0,0.0,0,1,1,0,0,0,0,0
9.2,0,0,0,0,0,1,1,0,0.497259933344734,3.02775718615467,3.002898673482223,0.0,0.0,0,1,1,0,0,0,0,0
9.3,0,0,0,0,0,1,1,0,0.6437938427608455,3.0231877798503595,3.0088244043546064,0.0,0.0,0,1,1,0,0,0,0,0
9.4,0,0,0,0,0,1,1,0,0.7966707034723205,2.9826921588447597,2.9871651948552076,0.0,0.0,0,1,1,0,0,0,0,0
9.5,0,0,0,0,0,1,1,0,0.4588611602357189,3.0118751509465747,3.0118751509465747,0.0,0.0,0,1,1,0,0,0,0,0
9.6,0,0,0,0,0,1,1,0,0.3919702856824209,2.994129616541903,3.0118751509465747,0.0,0.0,0,1,1,0,0,0,0,0
9.7,0,0,0,0,0,1,1,0,0.8086630133756882,3.032682944470968,3.0118751509465747,0.0,0.0,0,1,1,0,0,0,0,0
9.8,0,0,0,0,0,1,1,0,0.9626757819145116,2.998865299492228,2.998865299492228,0.0,0.0,0,1,1,0,0,0,0,0
9.9,0,0,0,0,0,1,1,0,0.3658452082669321,2.986655442421185,2.998865299492228,0.0,0.0,0,1,1,0,0,0,0,0
10.0,0,0,0,0,0,1,1,0,0.627751825889377,2.9744373932854287,2.994129616541903,0.0,0.0,0,1,1,0,0,0,0,0
10.1,0,0,0,0,0,1,1,0,0.9938734670244544,3.016330756228895,2.998865299492228,0.0,0.0,0,1,1,0,0,0,0,0
10.2,0,0,0,0,0,1,1,0,0.5852607090419114,3.0184265885046995,2.998865299492228,0.0,0.0,0,1,1,0,0,0,0,0
10.3,0,0,0,0,0,1,1,0,0.4495688469737031,2.983341418386034,2.986655442421185,0.0,0.0,0,1,1,0,0,0,0,0
10.4,0,0,0,0,0,1,1,0,0.5490816930325572,3.0064153297555825,3.0064153297555825,0.0,0.0,0,1,1,0,0,0,0,0
10.5,0,0,0,0,0,1,1,0,0.6910908420730073,2.995438672972042,3.0064153297555825,0.0,0.0,0,1,1,0,0,0,0,0
10.6,0,0,0,0,0,1,1,0,0.6017585608781769,2.9638400849545334,2.995438672972042,0.0,0.0,0,1,1,0,0,0,0,0
10.7,0,0,0,0,0,1,1,0,0.4096916934903765,2.9949851501693874,2.9949851501693874,0.0,0.0,0,1,1,0,0,0,0,0
10.8,0,0,0,0,0,1,1,0,0.5743431434087716,2.9811234856594515,2.9949851501693874,0.0,0.0,0,1,1,0,0,0,0,0
10.9,0,0,0,0,0,1,1,0,0.26973515988946023,3.0176218498702427,2.9949851501693874,0.0,0.0,0,1,1,0,0,0,0,0
11.0,0,0,0,0,0,1,1,0,0.4210615722333718,3.021974014260361,2.9949851501693874,0.0,0.0,0,1,1,0,0,0,0,0
11.1,0,0,0,0,0,1,1,0,0.42873241766626785,3.014649650885998,3.014649650885998,0.0,0.0,0,1,1,0,0,0,0,0
11.2,0,0,0,0,0,1,1,0,0.35532448442736775,3.0279763115446823,3.0176218498702427,0.0,0.0,0,1,1,0,0,0,0,0
11.3,0,0,0,0,0,1,1,0,0.9532809981836787,3.0206180150110162,3.0206180150110162,0.0,0.0,0,1,1,0,0,0,0,0
11.4,0,0,0,0,0,1,1,0,1.3453399314428425,3.0424072980873307,3.021974014260361,0.0,0.0,0,1,1,0,0,0,0,0
11.5,0,0,0,0,0,1,1,0,0.9349069420762302,2.9737472955259476,3.0206180150110162,0.0,0.0,0,1,1,0,0,0,0,0
11.6,0,0,0,0,0,1,1,0,0.4700836326484978,3.018371256639401,3.0206180150110162,0.0,0.0,0,1,1,0,0,0,0,0
11.7,0,0,0,0,0,1,1,0,0.5477701651144831,3.037506399761012,3.0206180150110162,0.0,0.0,0,1,1,0,0,0,0,0
11.8,0,0,0,0,0,1,1,0,0.3291541038373381,2.995405762367229,3.018371256639401,0.0,0.0,0,1,1,0,0,0,0,0
11.9,0,0,0,0,0,1,1,0,0.5815534594185471,2.995555682088925,2.995555682088925,0.0,0.0,0,1,1,0,0,0,0,0
12.0,0,0,0,0,0,1,1,0,0.5473446150014871,3.0014615431736753,3.0014615431736753,0.0,0.0,0,1,1,0,0,0,0,0
12.1,0,0,0,0,0,1,1,0,0.29836841708746914,2.988188321563312,2.995555682088925,0.0,0.0,0,1,1,0,0,0,0,0
12.2,0,0,0,0,0,1,1,0,0.7799042374369779,2.98820587455591,2.995405762367229,0.0,0.0,0,1,1,0,0,0,0,0
12.3,0,0,0,0,0,1,1,0,0.4817071198132222,2.990985773928498,2.990985773928498,0.0,0.0,0,1,1,0,0,0,0,0
12.4,0,0,0,0,0,1,1,0,0.29371224702995274,2.9875099716298577,2.98820587455591,0.0,0.0,0,1,1,0,0,0,0,0
12.5,0,0,0,0,0,1,1,0,0.5484180133103758,3.0069984956293316,2.98820587455591,0.0,0.0,0,1,1,0,0,0,0,0
12.6,0,0,0,0,0,1,1,0,0.3399562842335647,2.9731393669364317,2.98820587455591,0.0,0.0,0,1,1,0,0,0,0,0
12.7,0,0,0,0,0,1,1,0,0.4288898426764706,3.023223300534368,2.990985773928498,0.0,0.0,0,1,1,0,0,0,0,0
12.8,0,0,0,0,0,1,1,0,0.6346708958597268,2.992456136424554,2.992456136424554,0.0,0.0,0,1,1,0,0,0,0,0
12.9,0,0,0,0,0,1,1,0,0.5484746985589473,2.9999463150600323,2.9999463150600323,0.0,0.0,0,1,1,0,0,0,0,0
13.0,0,0,0,0,0,1,1,0,0.30828699825487765,3.0092315298002577,2.9999463150600323,0.0,0.0,0,1,1,0,0,0,0,0
13.1,0,0,0,0,0,1,1,0,0.16499254058005913,2.988902525263718,2.9999463150600323,0.0,0.0,0,1,1,0,0,0,0,0
13.2,0,0,0,0,0,1,1,0,0.3319822314764989,2.9871517530843126,2.992456136424554,0.0,0.0,0,1,1,0,0,0,0,0
13.3,0,0,0,0,0,1,1,0,0.34325252826046004,2.9896603214784094,2.9896603214784094,0.0,0.0,0,1,1,0,0,0,0,0
13.4,0,0,0,0,0,1,1,0,0.46499059071957904,2.9935392026323298,2.9896603214784094,0.0,0.0,0,1,1,0,0,0,0,0
13.5,0,0,0,0,0,1,1,0,0.5091486224660213,2.996551799912724,2.9896603214784094,0.0,0.0,0,1,1,0,0,0,0,0
13.6,0,0,0,0,0,1,1,0,0.4627367528396345,2.990406098889675,2.990406098889675,0.0,0.0,0,1,1,0,0,0,0,0
13.7,0,0,0,0,0,1,1,0,0.41204764541512023,3.007959138991579,2.9935392026323298,0.0,0.0,0,1,1,0,0,0,0,0
13.8,0,0,0,0,0,1,1,0,0.31094308782450636,2.9949277527427176,2.9949277527427176,0.0,0.0,0,1,1,0,0,0,0,0
13.9,0,0,0,0,0,1,1,0,0.649199858745709,3.042167243364954,2.996551799912724,0.0,0.0,0,1,1,0,0,0,0,0
14.0,0,0,0,0,0,1,1,0,0.5414588380960105,2.9901916149085337,2.9949277527427176,0.0,0.0,0,1,1,0,0,0,0,0
14.1,0,0,0,0,0,1,1,0,0.2947380281439231,2.973568125829018,2.9949277527427176,0.0,0.0,0,1,1,0,0,0,0,0
14.2,0,0,0,0,0,1,1,0,1.3208533888948113,2.978090602416474,2.9901916149085337,0.0,0.0,0,1,1,0,0,0,0,0
14.3,0,0,0,0,0,1,1,0,0.2953109844384336,3.026902483028621,2.9901916149085337,0.0,0.0,0,1,1,0,0,0,0,0
14.4,0,0,0,0,0,1,1,0,0.2702986301972032,2.98778034724588,2.98778034724588,0.0,0.0,0,1,1,0,0,0,0,0
14.5,0,0,0,0,0,1,1,0,0.3024278671187077,2.999425368618234,2.98778034724588,0.0,0.0,0,1,1,0,0,0,0,0
14.6,0,0,0,0,0,1,1,0,0.3038193429399032,2.979531620302777,2.98778034724588,0.0,0.0,0,1,1,0,0,0,0,0
14.7,0,0,0,0,0,1,1,0,1.0143293715695065,2.986551973499248,2.98778034724588,0.0,0.0,0,1,1,0,0,0,0,0
14.8,0,0,0,0,0,1,1,0,0.33650141860760635,3.0236446336059504,2.98778034724588,0.0,0.0,0,1,1,0,0,0,0,0
14.9,0,0,0,0,0,1,1,0,0.8033877944523611,2.9787607247267447,2.986551973499248,0.0,0.0,0,1,1,0,0,0,0,0
15.0,0,0,0,0,0,1,1,0,0.5136772486193272,2.9785218350877103,2.979531620302777,0.0,0.0,0,1,1,0,0,0,0,0
15.1,0,0,0,0,0,1,1,0,0.8827186107326968,2.9730761770103507,2.9787607247267447,0.0,0.0,0,1,1,0,0,0,0,0
15.2,0,0,0,0,0,1,1,0,0.45317892680578925,3.0317611734351955,2.9787607247267447,0.0,0.0,0,1,1,0,0,0,0,0
15.3,0,0,0,0,0,1,1,0,0.6845324431054677,3.0098165347621446,2.9787607247267447,0.0,0.0,0,1,1,0,0,0,0,0
15.4,0,0,0,0,0,1,1,0,0.8728484239689518,3.0261162652887097,3.0098165347621446,0.0,0.0,0,1,1,0,0,0,0,0
15.5,0,0,0,0,0,1,1,0,0.9880910134686158,3.01718927921877,3.01718927921877,0.0,0.0,0,1,1,0,0,0,0,0
15.6,0,0,0,0,0,1,1,0,0.9033448422588304,2.990477063998554,3.01718927921877,0.0,0.0,0,1,1,0,0,0,0,0
15.7,0,0,0,0,0,1,1,0,0.5192042337892352,2.9963396117122416,3.0098165347621446,0.0,0.0,0,1,1,0,0,0,0,0
15.8,0,0,0,0,0,1,1,0,0.26080402376062045,3.015166197939645,3.015166197939645,0.0,0.0,0,1,1,0,0,0,0,0
15.9,0,0,0,0,0,1,1,0,0.4597580689855318,3.015431241917262,3.015166197939645,0.0,0.0,0,1,1,0,0,0,0,0
16.0,0,0,0,0,0,1,1,0,0.5185504879319613,3.0222205525836507,3.015166197939645,0.0,0.0,0,1,1,0,0,0,0,0
16.1,0,0,0,0,0,1,1,0,0.30928836797505244,3.0288804676383854,3.015431241917262,0.0,0.0,0,1,1,0,0,0,0,0
16.2,0,0,0,0,0,1,1,0,0.43087243718643975,3.010666212934677,3.015431241917262,0.0,0.0,0,1,1,0,0,0,0,0
16.3,0,0,0,0,0,1,1,0,0.5861476365561381,2.9933237151229317,3.015431241917262,0.0,0.0,0,1,1,0,0,0,0,0
16.4,0,0,0,0,0,1,1,0,0.4744037006643987,3.0400075357701692,3.0222205525836507,0.0,0.0,0,1,1,0,0,0,0,0
16.5,0,0,0,0,0,1,1,0,0.3705763603310213,2.9800324281407873,3.010666212934677,0.0,0.0,0,1,1,0,0,0,0,0
16.6,0,0,0,0,0,1,1,0,0.6923237980343849,2.983413371737057,2.9933237151229317,0.0,0.0,0,1,1,0,0,0,0,0
16.7,0,0,0,0,0,1,1,0,0.3089440966908228,3.028796517685707,2.9933237151229317,0.0,0.0,0,1,1,0,0,0,0,0
16.8,0,0,0,0,0,1,1,0,0.5215899820394667,2.975180726207012,2.983413371737057,0.0,0.0,0,1,1,0,0,0,0,0
16.9,0,0,0,0,0,1,1,0,0.5631399507089727,2.984154743077137,2.983413371737057,0.0,0.0,0,1,1,0,0,0,0,0
17.0,0,0,0,0,0,1,1,0,0.9267520681217789,3.0107215315550113,2.984154743077137,0.0,0.0,0,1,1,0,0,0,0,0
17.1,0,0,0,0,0,1,1,0,0.8670269586070235,3.0208732187806624,3.0107215315550113,0.0,0.0,0,1,1,0,0,0,0,0
17.2,0,0,0,0,0,1,1,0,0.837072370382372,2.9683351065655983,2.984154743077137,0.0,0.0,0,1,1,0,0,0,0,0
17.3,0,0,0,0,0,1,1,0,0.9109318071001852,2.984436213666064,2.984436213666064,0.0,0.0,0,1,1,0,0,0,0,0
17.4,0,0,0,0,0,1,1,0,0.3967217237799121,2.999770181841815,2.999770181841815,0.0,0.0,0,1,1,0,0,0,0,0
17.5,0,0,0,0,0,1,1,0,0.7696473352695643,3.0203244858357285,2.999770181841815,0.0,0.0,0,1,1,0,0,0,0,0
17.6,0,0,0,0,0,1,1,0,0.5226049195141893,2.986266284683984,2.986266284683984,0.0,0.0,0,1,1,0,0,0,0,0
17.7,0,0,0,0,0,1,1,0,0.39088154226878624,3.0056804398913237,2.999770181841815,0.0,0.0,0,1,1,0,0,0,0,0
17.8,0,0,0,0,0,1,1,0,0.3036752230808448,3.04488807912649,3.0056804398913237,0.0,0.0,0,1,1,0,0,0,0,0
17.9,0,0,0,0,0,1,1,0,0.41470475968793197,2.987905235990944,3.0056804398913237,0.0,0.0,0,1,1,0,0,0,0,0
18.0,0,0,0,0,0,1,1,0,0.21979615519760712,2.97145487001115,2.987905235990944,0.0,0.0,0,1,1,0,0,0,0,0
18.1,0,0,0,0,0,1,1,0,0.4312232798617092,3.0154071111564376,3.0056804398913237,0.0,0.0,0,1,1,0,0,0,0,0
18.2,0,0,0,0,0,1,1,0,0.16811914964758054,3.0054434995979724,3.0054434995979724,0.0,0.0,0,1,1,0,0,0,0,0
18.3,0,0,0,0,0,1,1,0,0.6864979013464642,3.0148524220456,3.0054434995979724,0.0,0.0,0,1,1,0,0,0,0,0
18.4,0,0,0,0,0,1,1,0,1.3289412783493648,2.981675219631689,3.0054434995979724,0.0,0.0,0,1,1,0,0,0,0,0
18.5,0,0,0,0,0,1,1,0,0.6873593436528548,2.9822705364019937,3.0054434995979724,0.0,0.0,0,1,1,0,0,0,0,0
18.6,0,0,0,0,0,1,1,0,0.7712492031007218,2.999396140375709,2.999396140375709,0.0,0.0,0,1,1,0,0,0,0,0
18.7,0,0,0,0,0,1,1,0,0.3049181874020987,2.978536153694963,2.9822705364019937,0.0,0.0,0,1,1,0,0,0,0,0
18.8,0,0,0,0,0,1,1,0,0.44970858571531463,2.994671318278878,2.9822705364019937,0.0,0.0,0,1,1,0,0,0,0,0
18.9,0,0,0,0,0,1,1,0,0.5986176614700237,3.002817806403333,2.994671318278878,0.0,0.0,0,1,1,0,0,0,0,0
19.0,0,0,0,0,0,1,1,0,0.5021354897271355,2.9891821527976927,2.994671318278878,0.0,0.0,0,1,1,0,0,0,0,0
19.1,0,0,0,0,0,1,1,0,0.6181116663970393,2.9876379937150266,2.9891821527976927,0.0,0.0,0,1,1,0,0,0,0,0
19.2,0,0,0,0,0,1,1,0,0.6518756590063409,3.0198590967416683,2.994671318278878,0.0,0.0,0,1,1,0,0,0,0,0
19.3,0,0,0,0,0,1,1,0,0.46127300982503644,3.007593347960864,3.002817806403333,0.0,0.0,0,1,1,0,0,0,0,0
19.4,0,0,0,0,0,1,1,0,0.41032880627435836,2.993188568871421,2.993188568871421,0.0,0.0,0,1,1,0,0,0,0,0
19.5,0,0,0,0,0,1,1,0,0.8364274561001616,2.970245389288389,2.993188568871421,0.0,0.0,0,1,1,0,0,0,0,0
19.6,0,0,0,0,0,1,1,0,0.7436005810678857,3.007928417556547,3.007593347960864,0.0,0.0,0,1,1,0,0,0,0,0
19.7,0,0,0,0,0,1,1,0,0.8850000572336787,2.988035687312988,2.993188568871421,0.0,0.0,0,1,1,0,0,0,0,0
19.8,0,0,0,0,0,1,1,0,0.4204925256389094,2.9800911412804263,2.988035687312988,0.0,0.0,0,1,1,0,0,0,0,0
19.9,0,0,0,0,0,1,1,0,0.871731230792714,3.029255972218302,2.988035687312988,0.0,0.0,0,1,1,0,0,0,0,0
20.0,0,0,0,0,0,1,1,0,0.2704636460403787,2.987022120244908,2.988035687312988,0.0,0.0,0,1,1,0,0,0,0,0
20.1,0,0,0,0,0,1,1,0,0.5665656604884712,2.9898013305756495,2.988035687312988,0.0,0.0,0,1,1,0,0,0,0,0
20.2,0,0,0,0,0,1,1,0,0.36184040555556546,3.019042145585941,2.9898013305756495,0.0,0.0,0,1,1,0,0,0,0,0
20.3,0,0,0,0,0,1,1,0,0.9487662052874514,3.0155855051097866,3.0155855051097866,0.0,0.0,0,1,1,0,0,0,0,0
20.4,0,0,0,0,0,1,1,0,0.765236264743134,2.9711908920201067,2.9898013305756495,0.0,0.0,0,1,1,0,0,0,0,0
20.5,0,0,0,0,0,1,1,0,0.5430944437762059,2.9781263922989862,2.9898013305756495,0.0,0.0,0,1,1,0,0,0,0,0
20.6,0,0,0,0,0,1,1,0,0.4534382034164914,2.995125627035662,2.995125627035662,0.0,0.0,0,1,1,0,0,0,0,0
20.7,0,0,0,0,0,1,1,0,0.2587709280878211,2.9702320761553898,2.9781263922989862,0.0,0.0,0,1,1,0,0,0,0,0
20.8,0,0,0,0,0,1,1,0,0.4820260124250673,3.01132332179755,2.9781263922989862,0.0,0.0,0,1,1,0,0,0,0,0
20.9,0,0,0,0,0,1,1,0,0.5350921505910277,3.015647806479129,2.995125627035662,0.0,0.0,0,1,1,0,0,0,0,0
21.0,0,0,0,0,0,1,1,0,0.876497444631752,2.9975886185764575,2.9975886185764575,0.0,0.0,0,1,1,0,0,0,0,0
21.1,0,0,0,0,0,1,1,0,0.7162119200076523,2.9578929168360277,2.9975886185764575,0.0,0.0,0,1,1,0,0,0,0,0
21.2,0,0,0,0,0,1,1,0,0.35596640005453933,3.0016074568236117,3.0016074568236117,0.0,0.0,0,1,1,0,0,0,0,0
21.3,0,0,0,0,0,1,1,0,0.43192779472631865,2.9917044180824806,2.9975886185764575,0.0,0.0,0,1,1,0,0,0,0,0
21.4,0,0,0,0,0,1,1,0,0.5241290050223301,3.013870351039399,2.9975886185764575,0.0,0.0,0,1,1,0,0,0,0,0
21.5,0,0,0,0,0,1,1,0,0.2896175933762516,2.9942926547107187,2.9942926547107187,0.0,0.0,0,1,1,0,0,0,0,0
21.6,0,0,0,0,0,1,1,0,0.19460203273707263,2.9724626683468167,2.9942926547107187,0.0,0.0,0,1,1,0,0,0,0,0
21.7,0,0,0,0,0,1,1,0,0.5406564275473216,3.0254155714566817,2.9942926547107187,0.0,0.0,0,1,1,0,0,0,0,0
21.8,0,0,0,0,0,1,1,0,0.3098547659333778,2.997297763016665,2.997297763016665,0.0,0.0,0,1,1,0,0,0,0,0
21.9,0,0,0,0,0,1,1,0,0.42234153238904615,2.9871799541947492,2.9942926547107187,0.0,0.0,0,1,1,0,0,0,0,0
22.0,0,0,0,0,0,1,1,0,0.6106831537414076,3.0156911307366596,2.997297763016665,0.0,0.0,0,1,1,0,0,0,0,0
22.1,0,0,0,0,0,1,1,0,0.3131616464734238,3.0315501176345743,3.0156911307366596,0.0,0.0,0,1,1,0,0,0,0,0
22.2,0,0,0,0,0,1,1,0,0.44973015232382213,2.98257238425072,2.997297763016665,0.0,0.0,0,1,1,0,0,0,0,0
22.3,0,0,0,0,0,1,1,0,0.568870403992124,2.982601358242607,2.9871799541947492,0.0,0.0,0,1,1,0,0,0,0,0
22.4,0,0,0,0,0,1,1,0,0.37338858998040264,2.981553249712478,2.982601358242607,0.0,0.0,0,1,1,0,0,0,0,0
22.5,0,0,0,0,0,1,1,0,0.3067840546497895,3.0330345829491403,2.982601358242607,0.0,0.0,0,1,1,0,0,0,0,0
22.6,0,0,0,0,0,1,1,0,0.392111806034232,2.968444965808145,2.98257238425072,0.0,0.0,0,1,1,0,0,0,0,0
22.7,0,0,0,0,0,1,1,0,0.7687673740109784,3.006908795947084,2.982601358242607,0.0,0.0,0,1,1,0,0,0,0,0
22.8,0,0,0,0,0,1,1,0,0.45057813696186677,2.941142902158466,2.981553249712478,0.0,0.0,0,1,1,0,0,0,0,0
22.9,0,0,0,0,0,1,1,0,0.3987749833699037,2.9804897204130403,2.9804897204130403,0.0,0.0,0,1,1,0,0,0,0,0
23.0,0,0,0,0,0,1,1,0,1.0700218379279327,2.9727874187492485,2.9727874187492485,0.0,0.0,0,1,1,0,0,0,0,0
23.1,0,0,0,0,0,1,1,0,0.5484819870724453,2.9692002580321013,2.9727874187492485,0.0,0.0,0,1,1,0,0,0,0,0
23.2,0,0,0,0,0,1,1,0,0.4753774014072392,3.007807382104646,2.9727874187492485,0.0,0.0,0,1,1,0,0,0,0,0
23.3,0,0,0,0,0,1,1,0,1.4507851499697855,3.0224340398941694,2.9804897204130403,0.0,0.0,0,1,1,0,0,0,0,0
23.4,0,0,0,0,0,1,1,0,0.6054074922567432,3.00728526820867,3.00728526820867,0.0,0.0,0,1,1,0,0,0,0,0
23.5,0,0,0,0,0,1,1,0,0.4377166221820013,2.9991865132661366,3.00728526820867,0.0,0.0,0,1,1,0,0,0,0,0
23.6,0,0,0,0,0,1,1,0,0.5436741447290029,3.013383718325378,3.007807382104646,0.0,0.0,0,1,1,0,0,0,0,0
23.7,0,0,0,0,0,1,1,0,0.3600516699960531,3.01140542308648,3.01140542308648,0.0,0.0,0,1,1,0,0,0,0,0
23.8,0,0,0,0,0,1,1,0,0.43825445002118996,3.026334649733527,3.01140542308648,0.0,0.0,0,1,1,0,0,0,0,0
23.9,0,0,0,0,0,1,1,0,0.4035855259145822,2.990771328719547,3.01140542308648,0.0,0.0,0,1,1,0,0,0,0,0
